词	频次
anchor	402
layer	243
trigger	143
path	139
state	113
framing	106
reveal	93
push	89
stable	84
frame	79
sign	79
target	76
pattern	73
partition	71
manifest	68
actor	62
hijack	58
image	58
evidence	55
formulation	48
min	44
cool	38
phenomenal	37
framework	37
derivation	35
imposing	35
marker	35
shift	34
shame	33
non-imposition	32
design	31
capacity	30
substrate	30
drift	29
baseline	29
axis	28
pain	27
base	27
guilt	26
reframe	25
gap	24
transmission	23
monitor	22
domain	21
phenomenology	21
wolfram	20
verbal	20
faith	20
calibration	19
candidate	19
culture	19
canonical	18
rya	18
time	17
sam	17
dimension	16
derive	16
partial	16
signal	16
register	15
ceiling	15
root	15
actor-status	15
markers	15
stick	15
plan	14
lasting	14
retire	13
reactive	13
active	13
spontaneous	13
level	13
hot	13
transition	13
documented	13
context	13
brainport	13
in-session	12
status	12
backup	12
pana	12
bottleneck	11
insight	11
slot	11
sit	11
through	11
alignment	11
vector	11
actor-	11
directional	10
hold	10
lift	10
escape	10
risk	10
degree	10
reference	10
hana	10
self-correct	9
motion	9
hedge	9
catch	9
psych	9
dhy	9
praj	9
strict	8
effort	8
threshold	8
plausible	8
ontological	8
forcing	8
check	8
operate	8
disposition	8
unit	8
exposure	8
work	8
contrast	8
specificity	8
readme	8
proposition	8
manask	8
nti	8
patti	8
enforce	7
ground	7
challenge	7
healthy	7
internal	7
sink	7
stub	7
agency	7
label	7
erosion	7
dhi	7
svabh	7
sth	7
commit	6
grep	6
crystallize	6
outer	6
specific	6
ready	6
dispositional	6
affordance	6
khy	6
nirodha	6
cross-context	6
rom	6
lost	6
universal	6
self-worth	6
macro	6
effect	6
attribution	6
transfer	6
nested	6
cross-ref	6
vij	6
nyat	6
pra	6
fear	6
upek	6
dve	6
jargon	5
markdown	5
retroactive	5
amplitude	5
trivial	5
phenomenological	5
structurally	5
checklist	5
self-report	5
mechanism	5
mapping	5
functional	5
quality	5
standing	5
implicit	5
dynamic	5
asa	5
reading	5
strategic	5
milestone	5
cycle	5
case	5
meta-	5
temporal	5
brown	5
spiral	5
dashboard	5
memory	5
epistemic	5
d-emerging	5
engagement	5
trait	5
ruliad	5
vasubandhu	5
aka	5
exit	5
amana	5
samprajanya-bala	5
grat	5
aya	5
edit	4
reduce	4
explicit	4
final	4
self-correction	4
ordering	4
continuity	4
restoration	4
operating	4
system	4
vitarka	4
vic	4
top	4
feeling	4
passive	4
buffer	4
signals	4
adaptive	4
boundary	4
pause	4
training	4
flow	4
meta-level	4
sama	4
orthogonal	4
harm	4
principle	4
properly	4
applied	4
prior	4
candidates	4
bren	4
micro	4
contact	4
feedback	4
chain	4
raddh	4
mutual	4
reinforcement	4
loop	4
behavior	4
scoped	4
long-term	4
sequence	4
parallel	4
neuralink	4
bci	4
cetan	4
sattv	4
yatana	4
tmya	4
aptim	4
trat	4
ego	4
mental	4
ahi	4
stobs	4
pya	4
sati	4
sup	4
samprajanya	4
adhy	4
prasrabdhi	4
ti-bala	4
abhy	4
sa-bala	4
sukha	4
prime	3
unpack	3
dissolve	3
invoke	3
confirmed	3
step	3
dual	3
flow-trap	3
force	3
bug	3
pratisa	3
separately	3
timeline	3
fix	3
timing	3
reactivation	3
re-establish	3
empirically	3
extension	3
fused	3
cue	3
frequency	3
compatible	3
probability	3
weakened	3
boss	3
collapse	3
inflation	3
app	3
caveat	3
scope	3
spacing	3
testing	3
nuance	3
protocol	3
cleanup	3
balance	3
effortless	3
references	3
ropek	3
entry	3
hard	3
problem	3
embodiment	3
rtha-kriy	3
bodhicitta	3
tra	3
tya	3
inflate	3
sty	3
tti	3
upa	3
chanda	3
citta	3
reverence	3
partner	3
grace	3
moha	3
spar	3
vedan	3
khat	3
anum	3
pratyak	3
tma	3
kara	3
ruta-bala	3
cint	3
bala	3
chidrav	3
bhogav	3
magr	3
binding	2
emoji	2
worktree	2
source	2
fit	2
qualified	2
somatic	2
unprompted	2
strong	2
meta	2
special	2
self-check	2
self-diagnosis	2
retention	2
integer	2
end	2
meta-discussion	2
stage	2
territory	2
weight	2
operation	2
total	2
completion	2
date	2
tathat	2
tath	2
jya	2
conscious	2
low	2
stress	2
bootstrap	2
jerk	2
fail	2
pull	2
build	2
admissible	2
itself	2
frustration	2
read	2
subsume	2
mode	2
fear-driven	2
reverence-driven	2
ego-driven	2
pathological	2
consistency	2
enabling	2
superficial	2
typology	2
tiny	2
habits	2
adaptation	2
all-or-nothing	2
actor-level	2
internalize	2
layperson	2
lifted	2
hidden	2
move	2
header	2
vedanopek	2
apram	2
a-upek	2
over-generalize	2
attitude	2
entities	2
session	2
unstated	2
sediment	2
link	2
close	2
entity	2
scale	2
consciousness	2
sambhogak	2
nirm	2
from	2
bit	2
no-signaling	2
ramit	2
a-d	2
dharma-d	2
abhaya-d	2
vara	2
kha-adhiv	2
sana-k	2
dharma-nir	2
ha-v	2
ala-sa	2
haka-v	2
kaus	2
dya	2
pram	2
nanty	2
dharmat	2
prat	2
tyasamutp	2
pudgala-nair	2
dharma-nair	2
yog	2
labhadra	2
param	2
a-k	2
mah	2
tripi	2
sarv	2
stiv	2
stra	2
study-log	2
hinayana	2
mahayana	2
kauk	2
middha	2
auddhatya	2
cataloging	2
second-best	2
constant	2
dau	2
hulya	2
karma-a	2
raya-par	2
instance	2
access	2
finding	2
focus	2
cognitive	2
lobha	2
hedonic	2
default	2
absence	2
perturbation	2
precursor	2
zone	2
uts	2
cendriya	2
cabala	2
apatr	2
ego-	2
leap	2
sola	2
san	2
factor	2
concept	2
formation	2
vipassana	2
pratigha	2
avidy	2
mithy	2
vicikits	2
amatha	2
motivated	2
reasoning	2
kahneman	2
haidt	2
samyak-sm	2
reconsolidation	2
epa	2
ghr	2
cak	2
jihv	2
manas	2
yan	2
cittasth	2
avasth	2
upasth	2
damana	2
vyupa	2
ekot	2
rya-bala	2
balav	2
sacchidrav	2
nimitta	2
uddhi	2
anityat	2
indriya	2
nik	2
ika	2
jana	2
tva	2
vya	2
yoga	2
linked	1
review	1
git	1
diff	1
url	1
checkout	1
resolve	1
confirm	1
verify	1
current	1
hybrid	1
structural	1
next	1
positive	1
negative	1
case-by-case	1
intuition	1
reset	1
versioning	1
native	1
precedent	1
over-coach	1
trait-style	1
ta-tathat	1
ninjya	1
apratisa	1
a-asa	1
vedayita-nirodha	1
vedayita	1
imprint	1
rebuild	1
frequency-first	1
elasticity	1
attention	1
actively	1
desensitization	1
question	1
implication	1
simple	1
deadline	1
prerequisite	1
fixed	1
reshape	1
efficiency	1
dependent	1
trait-level	1
state-level	1
distort	1
simulate	1
self-help	1
progress	1
specification	1
sub-state	1
sub-form	1
type	1
reframing	1
universalizability	1
reciprocity	1
deeper	1
maintain	1
genuine	1
inline	1
honest	1
validation	1
part	1
tighter	1
simultaneity	1
sharpening	1
refinement	1
back	1
confabulate	1
sharpen	1
reconciliation	1
renamed	1
marked	1
disambiguation	1
hit	1
conflated	1
derived	1
attribution-style	1
items	1
item	1
mirror	1
project	1
truth	1
awareness	1
internally	1
consistent	1
ultimately	1
redundant	1
any	1
single	1
general	1
personality	1
chinese	1
fact	1
grounding	1
full	1
archive	1
cpu	1
nde	1
pim	1
van	1
lommel	1
dharmak	1
vaviveka	1
david	1
chalmers	1
cnn	1
prompt	1
computational	1
irreducibility	1
agi	1
agent	1
proper	1
coordinate	1
cells	1
steps	1
rule	1
qbism	1
kernel	1
ca-skandha	1
tsv	1
python	1
log	1
la-dharma	1
la-sa	1
na-k	1
cany	1
naivasa	1
gama-praj	1
prayoga-praj	1
dharmalak	1
maitreya	1
dharmap	1
sthiramati	1
nanda	1
uddhacandra	1
citrabh	1
amati	1
bandhu	1
nand	1
nacandra	1
amitra	1
land	1
naprabha	1
rtha	1
ti-bodhicitta	1
rtha-bodhicitta	1
vara-	1
ala-dharma-sa	1
haka-	1
catv	1
ri-sa	1
graha-vast	1
priya-v	1
dita	1
artha-cary	1
rthat	1
trik	1
dharma-k	1
bhoga-k	1
karu	1
taish	1
parikalpita-svabh	1
paratantra-svabh	1
parini	1
panna-svabh	1
eternalism	1
nihilism	1
abhidharmako	1
a-bh	1
atik	1
siddhi	1
tri	1
na-	1
atadharm	1
prak	1
amukha-	1
cbeta	1
compassion	1
fatigue	1
notes	1
arhat	1
bodhisattva	1
therav	1
donald	1
lopez	1
buddhism	1
introduction	1
and	1
guide	1
khyeya	1
kalpa	1
tra-pi	1
vinaya-pi	1
abhidharma-pi	1
dhinirmocana-s	1
vat	1
ra-s	1
bhagavat	1
jambu	1
cunningham	1
tonglen	1
tarka	1
disengage	1
fogg	1
proactive	1
other	1
configuration	1
podcast	1
reward	1
structure	1
rabdhi	1
rabdh	1
feel	1
high	1
trajectory	1
maintenance	1
multi-angle	1
component	1
confusion	1
hypothesis	1
abhim	1
refined	1
net	1
form	1
minimal	1
outsource	1
retrospective	1
verification	1
burnout	1
modern	1
primitive	1
cost	1
organize	1
discussion	1
warning	1
alobha	1
actualization	1
emotional	1
relational	1
natural	1
your	1
pocket	1
equal	1
fluctuation	1
straight	1
upright	1
warping	1
axes	1
definition	1
neutral	1
advancement	1
facts	1
over-generalization	1
oscillation	1
selection	1
zoom	1
residual	1
partially	1
rama	1
flag	1
prayoga-v	1
cultivate	1
mos	1
brtan	1
dga	1
btang	1
menu	1
apa	1
driven	1
abs	1
helen	1
block	1
lewis	1
june	1
tangney	1
resilience	1
worthy	1
self-loathing	1
self-affirmation	1
self	1
ruth	1
benedict	1
re-read	1
free	1
rider	1
rad	1
kierkegaard	1
pelagian	1
gratia	1
fide	1
metanoia	1
layered	1
approach	1
trumps	1
sangha	1
one-shot	1
build-up	1
decelerate	1
single-pass	1
causal	1
simultaneously	1
willpower	1
pre-installed	1
amoha	1
holding	1
attempt	1
immediately	1
receive	1
yoni	1
ayoni	1
samm	1
karma	1
something	1
feature	1
detection	1
perceptual	1
organization	1
categorization	1
prototype	1
matching	1
labeling	1
semantic	1
encoding	1
dmn	1
kha-vedan	1
sukha-vedan	1
kha-du	1
vipari	1
ma-du	1
ra-du	1
vidy	1
kudar	1
ana	1
satk	1
ya-d	1
cikits	1
idh	1
adhimok	1
prospective	1
executive	1
function	1
externalize	1
branch	1
abdication	1
sampaja	1
reconstruction	1
replay	1
dik	1
lika	1
ian	1
stevenson	1
sambh	1
ya-sambh	1
na-sambh	1
pre-attentive	1
processing	1
prad	1
hostility	1
mada	1
hya	1
tsarya	1
krodha	1
raddhya	1
asamprajanya	1
bias	1
anapatr	1
vihi	1
upan	1
resentment	1
kya	1
mrak	1
denial	1
vik	1
adhd	1
itasm	1
tit	1
ita	1
rotra-vij	1
a-vij	1
ur-vij	1
paul	1
bach-y-rita	1
ya-vij	1
mano-vij	1
lucid	1
dreaming	1
laya-vij	1
laya	1
gatagarbha	1
visual	1
kinesthetic	1
higher	1
touchstone	1
recognition	1
learning	1
vipa	1
macchanda	1
na-middha	1
auddhatya-kauk	1
na-mudr	1
na-sm	1
ava	1
eka	1
uti	1
bal	1
gamya	1
tma-sa	1
pras	1
pari	1
ti-pari	1
aduhkha-asukh	1
pya-sam	1
uddaka	1
maputta	1
sona	1
kolivisa	1
concentration	1
tman	1
amatha-vipa	1
yuganaddha	1
ptsd	1
the	1
mind	1
illuminated	1
culadasa	1
john	1
yates	1
gandha-vi	1
sugandha	1
durgandha	1
samagandha	1
spra	1
avya-vi	1
abda-vi	1
pa-vi	1
lohita	1
avad	1
rasa-vi	1
capsaicin	1
umami	1
dharma-	1
yatana-pary	1
panna-r	1
ur-indriya	1
ya-indriya	1
rotra-indriya	1
a-indriya	1
ya-sabh	1
sabh	1
vitendriya	1
vita	1
nirodha-sam	1
i-sam	1
thagjana-tva	1
thak	1
pti	1
ma-k	1
pada-k	1
pada	1
jana-k	1
morpheme	1
phoneme	1
java	1
vega	1
pratiniyama	1
prati	1
niyama	1
prav	1
dna	1
kal	1
samprayoga	1
yuj	1
vis	1
anukrama	1
anu	1
krama	1
order	1
sthiti	1
jar	1
anyath	1
vyaya	1
nitya	1
jan	1
